DAY 1;;;;;
Tuesday;11/19/2019;9:00 a.m. - 9:30 a.m;Welcome to Dreamforce! Day One;https://www.salesforce.com/video/7711995/;https://www.youtube.com/watch?v=ojIx4WW3haU
Tuesday;11/19/2019;11:30 a.m. - 12:00 p.m;Dreamforce 19 Opening Keynote Wrap Show;https://www.salesforce.com/video/7711996/;https://www.youtube.com/watch?v=F7EBhMAyNhs
Tuesday;11/19/2019;12:30 p.m. - 1:00 p.m;Reimagining the Automotive Retail Experience;https://www.salesforce.com/video/7733342/;https://www.youtube.com/watch?v=4zsBYGyZIEI
Tuesday;11/19/2019;1:00 p.m. - 2:00 p.m;Deepening Engagement with Tailor-Made Solutions;https://www.salesforce.com/video/7722813/;https://www.youtube.com/watch?v=HXNtl-j_rS0
Tuesday;11/19/2019;2:00 p.m. - 2:30 p.m;Accenture CIO’s Journey with Analytics;https://www.salesforce.com/video/7674313/;https://www.youtube.com/watch?v=nLtEd8Z8cQI
Tuesday;11/19/2019;2:30 p.m. - 3:00 p.m;Putting Humans First with Technology;https://www.salesforce.com/video/7674296;https://www.youtube.com/watch?v=j0eLEGuTVNQ
Tuesday;11/19/2019;3:00 p.m. - 3:30 p.m;How Salesforce + Vlocity are helping CenturyLink transform;https://www.salesforce.com/video/7674300/;https://www.youtube.com/watch?v=h9Ia4D_BYp8
Tuesday;11/19/2019;3:30 p.m. - 4:00 p.m;Leadership in an Intelligent, Experience Based Economy;https://www.salesforce.com/video/7674301/;https://www.youtube.com/watch?v=QXfTrxwIswM
Tuesday;11/19/2019;4:30p.m. - 4:45 p.m;AirAsia travels to new heights of customer happiness with Salesforce;https://www.salesforce.com/video/7722815/;https://www.youtube.com/watch?v=LJbrwye5t5o
Tuesday;11/19/2019;4:45 p.m. - 5:00 p.m;The evolution of K-Bot, Kayo’s AI service bot powered by Salesforce Einstein;https://www.salesforce.com/video/7722814/;https://www.youtube.com/watch?v=xZOLTkqY854
Tuesday;11/19/2019;5:00 p.m. - 5:30 p.m;How SurveyMonkey is Accelerating its Salesforce Strategy;https://www.salesforce.com/video/7733341/;https://www.youtube.com/watch?v=WNQl7MgNPfk
Day 2;;;;;
Wednesday;11/20/2019;8:30 a.m. - 9:00 a.m;Welcome to Dreamforce 19 - Day Two;https://www.salesforce.com/video/7711998/;https://www.youtube.com/watch?v=JJIQidmCOuI
Wednesday;11/20/2019;9:00 a.m. - 9:30 a.m;How Pacers Sports & Entertainment Creates the Ultimate Fan Experience;https://www.salesforce.com/video/7674297/;https://www.youtube.com/watch?v=62_u_w6-iDw
Wednesday;11/20/2019;9:30 a.m. - 10:00 a.m;Appirio providing 360 views for Universities around the world;https://www.salesforce.com/video/7674303/;https://www.youtube.com/watch?v=DKWkH0Ghvhg
Wednesday;11/20/2019;10:00 a.m. - 10:30 a.m;Customer 360 for SMB;https://www.salesforce.com/video/7674298/;https://www.youtube.com/watch?v=16vb0o5-2lg
Wednesday;11/20/2019;10:30 a.m. - 11:00 a.m;How Pilot and Flying J Travel Centers transforming customer engagement;https://www.salesforce.com/video/7722816/;https://www.youtube.com/watch?v=0HpHJ5bupHU
Wednesday;11/20/2019;11:00 a.m. - 11:30 a.m;Changing the World, One Cup of Coffee At a Time;https://www.salesforce.com/video/7674302/;https://www.youtube.com/watch?v=1YOpZxf_zAE
Wednesday;11/20/2019;1:00 p.m. - 1:20 p.m;How United Way uses AI to Solve the Next Generation of Complex Problems;https://www.salesforce.com/video/7674304/;https://www.youtube.com/watch?v=p_A3GeGITmM
Wednesday;11/20/2019;1:20 p.m. - 2:00 p.m;Learn how Airbnb engages customers across the globe with Salesforce;https://www.salesforce.com/video/7707644/;https://www.youtube.com/watch?v=wTwwKVa9eS4
Wednesday;11/20/2019;2:00 p.m. - 2:30 p.m;Pacific Life and the Power of Customer 360;https://www.salesforce.com/video/7784759/;https://www.youtube.com/watch?v=wnVaotDiLCc
Wednesday;11/20/2019;2:00 p.m. - 2:30 p.m;The Keys to Successful Collaboration: Purpose and Context;https://www.salesforce.com/video/7782427/;https://www.youtube.com/watch?v=iEInN1dCvaw
Wednesday;11/20/2019;3:00 p.m. - 3:30 p.m;How Appirio helps customers close the Experience Gap;https://www.salesforce.com/video/7674306/;https://www.youtube.com/watch?v=iIri2IU44uY
Wednesday;11/20/2019;3:30 p.m. - 4:00 p.m;How Lamborghini makes every customer experience extraordinary with Salesforce;https://www.salesforce.com/video/7674305/;https://www.youtube.com/watch?v=puGe9OE3y6I
Wednesday;11/20/2019;4:00 p.m. - 4:30 p.m.;Thankyou for buying: the story behind Australia's FMCG social enterprise;https://www.salesforce.com/video/7707643/;https://www.youtube.com/watch?v=cilf-hTbkrU
Wednesday;11/20/2019;4:30 p.m. - 5:00 p.m.;How Edelman Financial Engines Delivers Better Financial Futures with Salesforce;https://www.salesforce.com/video/7674307/;https://www.youtube.com/watch?v=MYEINZDv0bs
Wednesday;11/20/2019;5:00 p.m. - 5:30 p.m.;ABB Unites 30k Users on One Integrated Platform;http://www.salesforce.com/video/7710246/;https://www.youtube.com/watch?v=30_420VdCYI
Day 3;;;;;
Thursday;11/21/2019;8:30 a.m. - 9:00 a.m;Welcome to Dreamforce - Day Three;https://www.salesforce.com/video/7712002/;https://www.youtube.com/watch?v=8ouCPelHB-8
Thursday;11/21/2019;9:30 a.m. - 10:00 a.m;The State of Salesforce 2020:How the Best Companies Use Salesforce with Autodesk;https://www.salesforce.com/video/7674309/;https://www.youtube.com/watch?v=QDIXdQsxGdI
Thursday;11/21/2019;10:00 a.m. - 10:30 a.m;Building Trust With New Technology;https://www.salesforce.com/video/7674308/;https://www.youtube.com/watch?v=y8aK5MBLB8A
Thursday;11/21/2019;10:30 a.m. - 10:50 a.m;#CustomerObsessed: How ZeroCater Is Building a Customer-Centric Company;https://www.salesforce.com/video/7707642/;https://www.youtube.com/watch?v=49s9grk0dv8
Thursday;11/21/2019;10:50 a.m. - 11:30 a.m;Providing Deeply Personal Customer Experiences;https://www.salesforce.com/video/7674310/;https://www.youtube.com/watch?v=Zk0Ctti6BiI
Thursday;11/21/2019;1:00 p.m. - 1:20 p.m;Becoming the Factory of Tomorrow with Europe's Leading Industrial Services Provider, Leadec;https://www.salesforce.com/video/7674311/;https://www.youtube.com/watch?v=qotC5-h29wE
Thursday;11/21/2019;2:30 p.m. - 3:00 p.m;How Align Technology runs its customer and Invisalign® consumer business;https://www.salesforce.com/video/7687323/;https://www.youtube.com/watch?v=yaZqMAabCY8
Thursday;11/21/2019;3:00 p.m. - 3:30 p.m;How the Diversity of Thought is the Key to Innovation;https://www.salesforce.com/video/7807464/;https://www.youtube.com/watch?v=cbgTQZKEF6o
Thursday;11/21/2019;3:30 p.m. - 4:00 p.m;Learning in the New with myTrailhead;https://www.salesforce.com/video/7674312/;https://www.youtube.com/watch?v=lxk62RDAVvE
Day 4;;;;;
Friday;11/22/2019;8:30 a.m. - 9:00 a.m;Welcome to Dreamforce - Day Four;https://www.salesforce.com/video/7722812/;https://www.youtube.com/watch?v=mF9IBrdaaYQ
Friday;11/22/2019;9:00 a.m. - 9:30 a.m.;Employee Engagement, Philanthropy, and the new United Way;https://www.salesforce.com/video/7707645/;https://www.youtube.com/watch?v=xO2rVfNzMB4
Friday;11/22/2019;10:00 a.m. - 10:30 p.m;The Future of Transportation and Logistics;http://www.salesforce.com/video/7734562/;https://www.youtube.com/watch?v=XJzaWUL5s5g
Friday;11/22/2019;11:30 a.m. - 12:00 p.m;That's a wrap on Dreamforce 19!;https://www.salesforce.com/video/7712004/;https://www.youtube.com/watch?v=u2lX9aMU0h4